"country_code","country","year","station_ids"
"MH","Marshall Islands",1947,"513"
"GU","Guam",1948,"540"
"MH","Marshall Islands",1948,"513"
"AS","American Samoa",1949,"539"
"GU","Guam",1949,"540"
"MH","Marshall Islands",1949,"513"
"AS","American Samoa",1950,"539"
"GU","Guam",1950,"540"
"MH","Marshall Islands",1950,"513"
"AS","American Samoa",1951,"539"
"GU","Guam",1951,"540"
"MH","Marshall Islands",1951,"513"
"AS","American Samoa",1952,"539"
"GU","Guam",1952,"540"
"MH","Marshall Islands",1952,"513"
"AS","American Samoa",1953,"539"
"GU","Guam",1953,"540"
"MH","Marshall Islands",1953,"513"
"AS","American Samoa",1954,"539"
"GU","Guam",1954,"540"
"MH","Marshall Islands",1954,"513"
"AS","American Samoa",1955,"539"
"GU","Guam",1955,"540"
"MH","Marshall Islands",1955,"513"
"GU","Guam",1956,"540"
"MH","Marshall Islands",1956,"513"
"AS","American Samoa",1957,"539"
"GU","Guam",1957,"540"
"MH","Marshall Islands",1957,"513"
"AS","American Samoa",1958,"539"
"GU","Guam",1958,"540"
"MH","Marshall Islands",1958,"513"
"AS","American Samoa",1959,"539"
"GU","Guam",1959,"540"
"MH","Marshall Islands",1959,"513"
"AS","American Samoa",1960,"539"
"GU","Guam",1960,"540"
"MH","Marshall Islands",1960,"513"
"AS","American Samoa",1961,"539"
"GU","Guam",1961,"540"
"MH","Marshall Islands",1961,"513"
"AS","American Samoa",1962,"539"
"GU","Guam",1962,"540"
"MH","Marshall Islands",1962,"513"
"AS","American Samoa",1963,"539"
"GU","Guam",1963,"540"
"MH","Marshall Islands",1963,"513"
"AS","American Samoa",1964,"539"
"GU","Guam",1964,"540"
"MH","Marshall Islands",1964,"513"
"AS","American Samoa",1965,"539"
"GU","Guam",1965,"540"
"MH","Marshall Islands",1965,"513"
"AS","American Samoa",1966,"539"
"GU","Guam",1966,"540"
"MH","Marshall Islands",1966,"513"
"AS","American Samoa",1967,"539"
"GU","Guam",1967,"540"
"MH","Marshall Islands",1967,"513"
"AS","American Samoa",1968,"539"
"GU","Guam",1968,"540"
"AS","American Samoa",1969,"539"
"GU","Guam",1969,"540"
"MH","Marshall Islands",1969,"513,1217"
"AS","American Samoa",1970,"539"
"GU","Guam",1970,"540"
"MH","Marshall Islands",1970,"513,1217"
"AS","American Samoa",1971,"539"
"GU","Guam",1971,"540"
"MH","Marshall Islands",1971,"513,1217"
"AS","American Samoa",1972,"539"
"GU","Guam",1972,"540"
"MH","Marshall Islands",1972,"513,1217"
"AS","American Samoa",1973,"539"
"FJ","Fiji",1973,"1327"
"GU","Guam",1973,"540"
"MH","Marshall Islands",1973,"513"
"AS","American Samoa",1974,"539"
"GU","Guam",1974,"540"
"MH","Marshall Islands",1974,"513"
"AS","American Samoa",1975,"539"
"MH","Marshall Islands",1975,"513"
"FJ","Fiji",1976,"1327"
"MH","Marshall Islands",1976,"513,1217"
"FM","Micronesia",1976,"1370"
"SB","Solomon Islands",1976,"1373"
"AS","American Samoa",1977,"539"
"FJ","Fiji",1977,"1327"
"PF","French Polynesia",1977,"1397"
"GU","Guam",1977,"540"
"MH","Marshall Islands",1977,"513,1217"
"FM","Micronesia",1977,"1370"
"SB","Solomon Islands",1977,"1373"
"PF","French Polynesia",1978,"1397"
"GU","Guam",1978,"540"
"MH","Marshall Islands",1978,"513,1217"
"FM","Micronesia",1978,"1370"
"SB","Solomon Islands",1978,"1373"
"TV","Tuvalu",1978,"1452"
"PF","French Polynesia",1979,"1397"
"GU","Guam",1979,"540"
"MH","Marshall Islands",1979,"513"
"FM","Micronesia",1979,"1370"
"AS","American Samoa",1980,"539"
"PF","French Polynesia",1980,"1397"
"GU","Guam",1980,"540"
"MH","Marshall Islands",1980,"513"
"FM","Micronesia",1980,"1370"
"SB","Solomon Islands",1980,"1373"
"PF","French Polynesia",1981,"1397"
"GU","Guam",1981,"540"
"MH","Marshall Islands",1981,"513,1217"
"SB","Solomon Islands",1981,"1373"
"AS","American Samoa",1982,"539"
"FJ","Fiji",1982,"1327"
"PF","French Polynesia",1982,"1397"
"GU","Guam",1982,"540"
"MH","Marshall Islands",1982,"513,1217"
"FM","Micronesia",1982,"1370"
"SB","Solomon Islands",1982,"1373"
"TV","Tuvalu",1982,"1452"
"AS","American Samoa",1983,"539"
"PF","French Polynesia",1983,"1397"
"GU","Guam",1983,"540"
"MH","Marshall Islands",1983,"513,1217"
"FM","Micronesia",1983,"1370"
"SB","Solomon Islands",1983,"1373"
"TV","Tuvalu",1983,"1452"
"AS","American Samoa",1984,"539"
"PF","French Polynesia",1984,"1397"
"GU","Guam",1984,"540"
"MH","Marshall Islands",1984,"513,1217"
"FM","Micronesia",1984,"1370"
"SB","Solomon Islands",1984,"1373"
"TV","Tuvalu",1984,"1452"
"AS","American Samoa",1985,"539"
"PF","French Polynesia",1985,"1397"
"GU","Guam",1985,"540"
"MH","Marshall Islands",1985,"513,1217"
"FM","Micronesia",1985,"1370"
"PG","Papua New Guinea",1985,"1303,1608,1610"
"SB","Solomon Islands",1985,"1373"
"TV","Tuvalu",1985,"1452"
"AS","American Samoa",1986,"539"
"FJ","Fiji",1986,"1327"
"PF","French Polynesia",1986,"1397"
"MH","Marshall Islands",1986,"513,1217"
"FM","Micronesia",1986,"1370"
"PG","Papua New Guinea",1986,"1610"
"SB","Solomon Islands",1986,"1373"
"TV","Tuvalu",1986,"1452"
"AS","American Samoa",1987,"539"
"PF","French Polynesia",1987,"1397"
"GU","Guam",1987,"540"
"MH","Marshall Islands",1987,"513,1217"
"FM","Micronesia",1987,"1370"
"PG","Papua New Guinea",1987,"1303,1608,1610"
"SB","Solomon Islands",1987,"1373"
"TV","Tuvalu",1987,"1452"
"AS","American Samoa",1988,"539"
"FJ","Fiji",1988,"1327"
"PF","French Polynesia",1988,"1397"
"GU","Guam",1988,"540"
"KI","Kiribati",1988,"1739"
"MH","Marshall Islands",1988,"513,1217"
"FM","Micronesia",1988,"1370"
"PG","Papua New Guinea",1988,"1607,1608,1610"
"SB","Solomon Islands",1988,"1373"
"TV","Tuvalu",1988,"1452"
"AS","American Samoa",1989,"539"
"FJ","Fiji",1989,"1327"
"PF","French Polynesia",1989,"1397"
"GU","Guam",1989,"540"
"KI","Kiribati",1989,"1739"
"MH","Marshall Islands",1989,"513,1217"
"FM","Micronesia",1989,"1370"
"PG","Papua New Guinea",1989,"1303,1607,1608,1610"
"SB","Solomon Islands",1989,"1373"
"TV","Tuvalu",1989,"1452"
"AS","American Samoa",1990,"539"
"FJ","Fiji",1990,"1327"
"PF","French Polynesia",1990,"1397"
"GU","Guam",1990,"540"
"KI","Kiribati",1990,"1739"
"MH","Marshall Islands",1990,"513,1217"
"FM","Micronesia",1990,"1370"
"PG","Papua New Guinea",1990,"1607,1608,1610"
"SB","Solomon Islands",1990,"1373"
"TV","Tuvalu",1990,"1452"
"AS","American Samoa",1991,"539"
"FJ","Fiji",1991,"1327"
"PF","French Polynesia",1991,"1397"
"GU","Guam",1991,"540"
"KI","Kiribati",1991,"1739"
"MH","Marshall Islands",1991,"513,1217"
"PG","Papua New Guinea",1991,"1303,1608,1610"
"SB","Solomon Islands",1991,"1373"
"TV","Tuvalu",1991,"1452"
"AS","American Samoa",1992,"539"
"FJ","Fiji",1992,"1327"
"PF","French Polynesia",1992,"1397"
"GU","Guam",1992,"540"
"KI","Kiribati",1992,"1739"
"MH","Marshall Islands",1992,"513,1217"
"FM","Micronesia",1992,"1370"
"PG","Papua New Guinea",1992,"1303,1608,1610"
"SB","Solomon Islands",1992,"1373"
"TV","Tuvalu",1992,"1452"
"AS","American Samoa",1993,"539"
"FJ","Fiji",1993,"1327,1805"
"PF","French Polynesia",1993,"1397"
"KI","Kiribati",1993,"1739"
"MH","Marshall Islands",1993,"513,1217"
"FM","Micronesia",1993,"1370"
"PG","Papua New Guinea",1993,"1303,1607,1608,1610"
"SB","Solomon Islands",1993,"1373"
"TV","Tuvalu",1993,"1452"
"AS","American Samoa",1994,"539"
"CK","Cook Islands",1994,"1843"
"FJ","Fiji",1994,"1327,1805"
"PF","French Polynesia",1994,"1397"
"GU","Guam",1994,"540"
"KI","Kiribati",1994,"1739"
"MH","Marshall Islands",1994,"513,1217,1838"
"FM","Micronesia",1994,"1370"
"PG","Papua New Guinea",1994,"1303,1607,1608,1610"
"SB","Solomon Islands",1994,"1373"
"TV","Tuvalu",1994,"1452,1839"
"VU","Vanuatu",1994,"1841"
"AS","American Samoa",1995,"539"
"CK","Cook Islands",1995,"1843"
"FJ","Fiji",1995,"1327,1805"
"PF","French Polynesia",1995,"1397"
"GU","Guam",1995,"540"
"KI","Kiribati",1995,"1739,1804"
"MH","Marshall Islands",1995,"513,1217,1838"
"FM","Micronesia",1995,"1370"
"PG","Papua New Guinea",1995,"1608"
"SB","Solomon Islands",1995,"1861"
"TV","Tuvalu",1995,"1452,1839"
"VU","Vanuatu",1995,"1841"
"AS","American Samoa",1996,"539"
"CK","Cook Islands",1996,"1843"
"FJ","Fiji",1996,"1327,1805"
"PF","French Polynesia",1996,"1397"
"GU","Guam",1996,"540"
"KI","Kiribati",1996,"1739,1804"
"MH","Marshall Islands",1996,"513,1217,1838"
"FM","Micronesia",1996,"1370"
"PG","Papua New Guinea",1996,"1608"
"SB","Solomon Islands",1996,"1861"
"TV","Tuvalu",1996,"1452,1839"
"VU","Vanuatu",1996,"1841"
"AS","American Samoa",1997,"539"
"CK","Cook Islands",1997,"1843"
"FJ","Fiji",1997,"1805"
"PF","French Polynesia",1997,"1397"
"GU","Guam",1997,"540"
"KI","Kiribati",1997,"1739,1804"
"MH","Marshall Islands",1997,"513,1217,1838"
"FM","Micronesia",1997,"1370"
"PG","Papua New Guinea",1997,"1303,1608,1860"
"TV","Tuvalu",1997,"1452,1839"
"VU","Vanuatu",1997,"1841"
"AS","American Samoa",1998,"539"
"CK","Cook Islands",1998,"1843"
"FJ","Fiji",1998,"1805,2356"
"PF","French Polynesia",1998,"1397"
"KI","Kiribati",1998,"1804"
"MH","Marshall Islands",1998,"513,1217,1838"
"FM","Micronesia",1998,"1370"
"PG","Papua New Guinea",1998,"1860"
"SB","Solomon Islands",1998,"1861"
"TV","Tuvalu",1998,"1452,1839"
"VU","Vanuatu",1998,"1841"
"AS","American Samoa",1999,"539"
"CK","Cook Islands",1999,"1843"
"FJ","Fiji",1999,"1805,2356"
"PF","French Polynesia",1999,"1397"
"KI","Kiribati",1999,"1804"
"MH","Marshall Islands",1999,"513,1217,1838"
"FM","Micronesia",1999,"1370"
"PG","Papua New Guinea",1999,"1860"
"SB","Solomon Islands",1999,"1861"
"TV","Tuvalu",1999,"1452,1839"
"VU","Vanuatu",1999,"1841"
"CK","Cook Islands",2000,"1843"
"FJ","Fiji",2000,"1805,2356"
"PF","French Polynesia",2000,"1397"
"GU","Guam",2000,"540"
"KI","Kiribati",2000,"1804"
"MH","Marshall Islands",2000,"513,1838"
"FM","Micronesia",2000,"1370"
"PG","Papua New Guinea",2000,"1860"
"SB","Solomon Islands",2000,"1861"
"TV","Tuvalu",2000,"1839"
"VU","Vanuatu",2000,"1841"
"AS","American Samoa",2001,"539"
"CK","Cook Islands",2001,"1843"
"FJ","Fiji",2001,"1805,2356"
"PF","French Polynesia",2001,"1397"
"GU","Guam",2001,"540"
"KI","Kiribati",2001,"1804"
"MH","Marshall Islands",2001,"513,1838"
"FM","Micronesia",2001,"1370"
"PG","Papua New Guinea",2001,"1860"
"SB","Solomon Islands",2001,"1861"
"TV","Tuvalu",2001,"1839"
"VU","Vanuatu",2001,"1841"
"AS","American Samoa",2002,"539"
"CK","Cook Islands",2002,"1843"
"FJ","Fiji",2002,"1805,2356"
"PF","French Polynesia",2002,"1397"
"GU","Guam",2002,"540"
"KI","Kiribati",2002,"1804"
"MH","Marshall Islands",2002,"513,1838"
"FM","Micronesia",2002,"1370"
"PG","Papua New Guinea",2002,"1860"
"SB","Solomon Islands",2002,"1861"
"TV","Tuvalu",2002,"1839"
"VU","Vanuatu",2002,"1841"
"AS","American Samoa",2003,"539"
"CK","Cook Islands",2003,"1843"
"FJ","Fiji",2003,"1805,2356"
"PF","French Polynesia",2003,"1397"
"GU","Guam",2003,"540"
"MH","Marshall Islands",2003,"513,1838"
"FM","Micronesia",2003,"1370"
"PG","Papua New Guinea",2003,"1860"
"SB","Solomon Islands",2003,"1861"
"TV","Tuvalu",2003,"1839"
"VU","Vanuatu",2003,"1841"
"AS","American Samoa",2004,"539"
"CK","Cook Islands",2004,"1843"
"FJ","Fiji",2004,"1805,2356"
"PF","French Polynesia",2004,"1397"
"KI","Kiribati",2004,"1804"
"MH","Marshall Islands",2004,"513,1838"
"FM","Micronesia",2004,"1370"
"PG","Papua New Guinea",2004,"1860"
"SB","Solomon Islands",2004,"1861"
"TV","Tuvalu",2004,"1839"
"VU","Vanuatu",2004,"1841"
"AS","American Samoa",2005,"539"
"CK","Cook Islands",2005,"1843"
"FJ","Fiji",2005,"1805,2356"
"PF","French Polynesia",2005,"1397"
"GU","Guam",2005,"540"
"KI","Kiribati",2005,"1804"
"MH","Marshall Islands",2005,"513,1838"
"PG","Papua New Guinea",2005,"1860"
"SB","Solomon Islands",2005,"1861"
"TV","Tuvalu",2005,"1839"
"VU","Vanuatu",2005,"1841"
"AS","American Samoa",2006,"539"
"CK","Cook Islands",2006,"1843"
"FJ","Fiji",2006,"1805,2356"
"PF","French Polynesia",2006,"1397"
"GU","Guam",2006,"540"
"KI","Kiribati",2006,"1804"
"MH","Marshall Islands",2006,"513,1838"
"PG","Papua New Guinea",2006,"1860"
"SB","Solomon Islands",2006,"1861"
"TV","Tuvalu",2006,"1839"
"VU","Vanuatu",2006,"1841"
"AS","American Samoa",2007,"539"
"CK","Cook Islands",2007,"1843"
"FJ","Fiji",2007,"1805,2356"
"GU","Guam",2007,"540"
"KI","Kiribati",2007,"1804"
"MH","Marshall Islands",2007,"513,1838"
"PG","Papua New Guinea",2007,"1860"
"SB","Solomon Islands",2007,"1861"
"TV","Tuvalu",2007,"1839"
"VU","Vanuatu",2007,"1841"
"AS","American Samoa",2008,"539"
"CK","Cook Islands",2008,"1843"
"FJ","Fiji",2008,"1805,2356"
"PF","French Polynesia",2008,"1397"
"GU","Guam",2008,"540"
"KI","Kiribati",2008,"1804"
"MH","Marshall Islands",2008,"513,1838"
"PG","Papua New Guinea",2008,"1860"
"SB","Solomon Islands",2008,"1861"
"TV","Tuvalu",2008,"1839"
"VU","Vanuatu",2008,"1841"
"AS","American Samoa",2009,"539"
"CK","Cook Islands",2009,"1843"
"FJ","Fiji",2009,"1805,2356"
"PF","French Polynesia",2009,"1397"
"GU","Guam",2009,"540"
"KI","Kiribati",2009,"1804"
"MH","Marshall Islands",2009,"1838"
"PG","Papua New Guinea",2009,"1860"
"SB","Solomon Islands",2009,"1861"
"TV","Tuvalu",2009,"1839"
"VU","Vanuatu",2009,"1841"
"AS","American Samoa",2010,"539"
"FJ","Fiji",2010,"1805,2356"
"PF","French Polynesia",2010,"1397"
"GU","Guam",2010,"540"
"KI","Kiribati",2010,"1804"
"MH","Marshall Islands",2010,"1838"
"PG","Papua New Guinea",2010,"1860"
"SB","Solomon Islands",2010,"1861"
"TV","Tuvalu",2010,"1839"
"VU","Vanuatu",2010,"1841"
"AS","American Samoa",2011,"539"
"CK","Cook Islands",2011,"1843"
"FJ","Fiji",2011,"1805,2356"
"PF","French Polynesia",2011,"1397"
"KI","Kiribati",2011,"1804"
"MH","Marshall Islands",2011,"513,1838"
"SB","Solomon Islands",2011,"1861"
"TV","Tuvalu",2011,"1839"
"VU","Vanuatu",2011,"1841"
"AS","American Samoa",2012,"539"
"FJ","Fiji",2012,"1805,2356"
"PF","French Polynesia",2012,"1397"
"GU","Guam",2012,"540"
"KI","Kiribati",2012,"1804"
"MH","Marshall Islands",2012,"513,1838"
"PG","Papua New Guinea",2012,"1860"
"SB","Solomon Islands",2012,"1861"
"VU","Vanuatu",2012,"1841"
"AS","American Samoa",2013,"539"
"CK","Cook Islands",2013,"1843"
"FJ","Fiji",2013,"1805,2356"
"PF","French Polynesia",2013,"1397"
"GU","Guam",2013,"540"
"KI","Kiribati",2013,"1804"
"MH","Marshall Islands",2013,"513,1838"
"PG","Papua New Guinea",2013,"1860"
"SB","Solomon Islands",2013,"1861"
"TV","Tuvalu",2013,"1839"
"VU","Vanuatu",2013,"1841"
"AS","American Samoa",2014,"539"
"CK","Cook Islands",2014,"1843"
"FJ","Fiji",2014,"1805,2356"
"PF","French Polynesia",2014,"1397"
"GU","Guam",2014,"540"
"KI","Kiribati",2014,"1804"
"MH","Marshall Islands",2014,"513,1838"
"SB","Solomon Islands",2014,"1861"
"TV","Tuvalu",2014,"1839"
"VU","Vanuatu",2014,"1841"
"AS","American Samoa",2015,"539"
"CK","Cook Islands",2015,"1843"
"FJ","Fiji",2015,"1805,2356"
"PF","French Polynesia",2015,"1397"
"GU","Guam",2015,"540"
"KI","Kiribati",2015,"1804"
"MH","Marshall Islands",2015,"513,1838"
"PG","Papua New Guinea",2015,"1860"
"SB","Solomon Islands",2015,"1861"
"TV","Tuvalu",2015,"1839"
"VU","Vanuatu",2015,"1841"
"AS","American Samoa",2016,"539"
"CK","Cook Islands",2016,"1843"
"FJ","Fiji",2016,"1805,2356"
"PF","French Polynesia",2016,"1397"
"GU","Guam",2016,"540"
"KI","Kiribati",2016,"1804"
"MH","Marshall Islands",2016,"513,1838"
"PG","Papua New Guinea",2016,"1860"
"SB","Solomon Islands",2016,"1861"
"TV","Tuvalu",2016,"1839"
"VU","Vanuatu",2016,"1841"
"AS","American Samoa",2017,"539"
"CK","Cook Islands",2017,"1843"
"FJ","Fiji",2017,"1805,2356"
"PF","French Polynesia",2017,"1397"
"GU","Guam",2017,"540"
"KI","Kiribati",2017,"1804"
"MH","Marshall Islands",2017,"513,1838"
"TV","Tuvalu",2017,"1839"
"VU","Vanuatu",2017,"1841"
"AS","American Samoa",2018,"539"
"CK","Cook Islands",2018,"1843"
"FJ","Fiji",2018,"1805,2356"
"GU","Guam",2018,"540"
"KI","Kiribati",2018,"1804"
"MH","Marshall Islands",2018,"513,1838"
"PG","Papua New Guinea",2018,"1860"
"SB","Solomon Islands",2018,"1861"
"TV","Tuvalu",2018,"1839"
"VU","Vanuatu",2018,"1841"
"AS","American Samoa",2019,"539"
"CK","Cook Islands",2019,"1843"
"FJ","Fiji",2019,"1805,2356"
"PF","French Polynesia",2019,"1397"
"GU","Guam",2019,"540"
"KI","Kiribati",2019,"1804"
"MH","Marshall Islands",2019,"513,1838"
"PG","Papua New Guinea",2019,"1860"
"SB","Solomon Islands",2019,"1861"
"VU","Vanuatu",2019,"1841"
"CK","Cook Islands",2020,"1843"
"FJ","Fiji",2020,"1805,2356"
"PF","French Polynesia",2020,"1397"
"GU","Guam",2020,"540"
"KI","Kiribati",2020,"1804"
"MH","Marshall Islands",2020,"513,1838"
"SB","Solomon Islands",2020,"1861"
"TV","Tuvalu",2020,"1839"
"VU","Vanuatu",2020,"1841"
"CK","Cook Islands",2021,"1843"
"FJ","Fiji",2021,"1805,2356"
"PF","French Polynesia",2021,"1397"
"GU","Guam",2021,"540"
"KI","Kiribati",2021,"1804"
"MH","Marshall Islands",2021,"513,1838"
"PG","Papua New Guinea",2021,"1860"
"TV","Tuvalu",2021,"1839"
"VU","Vanuatu",2021,"1841"
"AS","American Samoa",2022,"539"
"CK","Cook Islands",2022,"1843"
"FJ","Fiji",2022,"1805,2356"
"PF","French Polynesia",2022,"1397"
"GU","Guam",2022,"540"
"KI","Kiribati",2022,"1804"
"MH","Marshall Islands",2022,"513"
"PG","Papua New Guinea",2022,"1860"
"SB","Solomon Islands",2022,"1861"
"TV","Tuvalu",2022,"1839"
"VU","Vanuatu",2022,"1841"
"AS","American Samoa",2023,"539"
"CK","Cook Islands",2023,"1843"
"FJ","Fiji",2023,"1805,2356"
"PF","French Polynesia",2023,"1397"
"GU","Guam",2023,"540"
"KI","Kiribati",2023,"1804"
"MH","Marshall Islands",2023,"513"
"PG","Papua New Guinea",2023,"1860"
"SB","Solomon Islands",2023,"1861"
"VU","Vanuatu",2023,"1841"
"AS","American Samoa",2024,"539"
"CK","Cook Islands",2024,"1843"
"FJ","Fiji",2024,"1805,2356"
"PF","French Polynesia",2024,"1397"
"GU","Guam",2024,"540"
"KI","Kiribati",2024,"1804"
"MH","Marshall Islands",2024,"513,1838"
"VU","Vanuatu",2024,"1841"
"CK","Cook Islands",2025,"1843"
"FJ","Fiji",2025,"1805,2356"
"GU","Guam",2025,"540"
"KI","Kiribati",2025,"1804"
"MH","Marshall Islands",2025,"513,1838"
"SB","Solomon Islands",2025,"1861"
"TV","Tuvalu",2025,"1839"
"VU","Vanuatu",2025,"1841"
